origin_iata,origin_city,destination_iata,destination_city,outbound_date,inbound_date,total_price,link
POZ,Poznań,PMI,Palma de Mallorca,2026-05-30,2026-06-02,807.9000000000001,https://www.ryanair.com/pl/pl/trip/flights/select?adults=1&teens=0&children=0&infants=0&dateOut=2026-05-30&dateIn=2026-06-02&isConnectedFlight=false&discount=0&promoCode=&isReturn=true&originIata=POZ&destinationIata=PMI&tpAdults=1&tpTeens=0&tpChildren=0&tpInfants=0&tpStartDate=2026-05-30&tpEndDate=2026-06-02&tpDiscount=0&tpPromoCode=&tpOriginIata=POZ&tpDestinationIata=PMI
KTW,Katowice,DBV,Dubrownik,2026-05-29,2026-05-31,473.0,https://www.ryanair.com/pl/pl/trip/flights/select?adults=1&teens=0&children=0&infants=0&dateOut=2026-05-29&dateIn=2026-05-31&isConnectedFlight=false&discount=0&promoCode=&isReturn=true&originIata=KTW&destinationIata=DBV&tpAdults=1&tpTeens=0&tpChildren=0&tpInfants=0&tpStartDate=2026-05-29&tpEndDate=2026-05-31&tpDiscount=0&tpPromoCode=&tpOriginIata=KTW&tpDestinationIata=DBV
POZ,Poznań,BVA,Paryż Beauvais,2026-08-16,2026-08-17,459.54,https://www.ryanair.com/pl/pl/trip/flights/select?adults=1&teens=0&children=0&infants=0&dateOut=2026-08-16&dateIn=2026-08-17&isConnectedFlight=false&discount=0&promoCode=&isReturn=true&originIata=POZ&destinationIata=BVA&tpAdults=1&tpTeens=0&tpChildren=0&tpInfants=0&tpStartDate=2026-08-16&tpEndDate=2026-08-17&tpDiscount=0&tpPromoCode=&tpOriginIata=POZ&tpDestinationIata=BVA
WAW,Warszawa Chopin,SVQ,Sewilla,2026-10-21,2026-10-24,651.3399999999999,https://www.ryanair.com/pl/pl/trip/flights/select?adults=1&teens=0&children=0&infants=0&dateOut=2026-10-21&dateIn=2026-10-24&isConnectedFlight=false&discount=0&promoCode=&isReturn=true&originIata=WAW&destinationIata=SVQ&tpAdults=1&tpTeens=0&tpChildren=0&tpInfants=0&tpStartDate=2026-10-21&tpEndDate=2026-10-24&tpDiscount=0&tpPromoCode=&tpOriginIata=WAW&tpDestinationIata=SVQ
KTW,Katowice,DBV,Dubrownik,2026-05-31,2026-06-02,167.55,https://www.ryanair.com/pl/pl/trip/flights/select?adults=1&teens=0&children=0&infants=0&dateOut=2026-05-31&dateIn=2026-06-02&isConnectedFlight=false&discount=0&promoCode=&isReturn=true&originIata=KTW&destinationIata=DBV&tpAdults=1&tpTeens=0&tpChildren=0&tpInfants=0&tpStartDate=2026-05-31&tpEndDate=2026-06-02&tpDiscount=0&tpPromoCode=&tpOriginIata=KTW&tpDestinationIata=DBV
POZ,Poznań,BVA,Paryż Beauvais,2026-08-16,2026-08-18,404.54,https://www.ryanair.com/pl/pl/trip/flights/select?adults=1&teens=0&children=0&infants=0&dateOut=2026-08-16&dateIn=2026-08-18&isConnectedFlight=false&discount=0&promoCode=&isReturn=true&originIata=POZ&destinationIata=BVA&tpAdults=1&tpTeens=0&tpChildren=0&tpInfants=0&tpStartDate=2026-08-16&tpEndDate=2026-08-18&tpDiscount=0&tpPromoCode=&tpOriginIata=POZ&tpDestinationIata=BVA
POZ,Poznań,BVA,Paryż Beauvais,2026-08-16,2026-08-19,385.73,https://www.ryanair.com/pl/pl/trip/flights/select?adults=1&teens=0&children=0&infants=0&dateOut=2026-08-16&dateIn=2026-08-19&isConnectedFlight=false&discount=0&promoCode=&isReturn=true&originIata=POZ&destinationIata=BVA&tpAdults=1&tpTeens=0&tpChildren=0&tpInfants=0&tpStartDate=2026-08-16&tpEndDate=2026-08-19&tpDiscount=0&tpPromoCode=&tpOriginIata=POZ&tpDestinationIata=BVA
LCJ,Łódź,AGP,Malaga,2026-08-19,2026-08-22,606.21,https://www.ryanair.com/pl/pl/trip/flights/select?adults=1&teens=0&children=0&infants=0&dateOut=2026-08-19&dateIn=2026-08-22&isConnectedFlight=false&discount=0&promoCode=&isReturn=true&originIata=LCJ&destinationIata=AGP&tpAdults=1&tpTeens=0&tpChildren=0&tpInfants=0&tpStartDate=2026-08-19&tpEndDate=2026-08-22&tpDiscount=0&tpPromoCode=&tpOriginIata=LCJ&tpDestinationIata=AGP
KTW,Katowice,DBV,Dubrownik,2026-06-02,2026-06-05,429.88,https://www.ryanair.com/pl/pl/trip/flights/select?adults=1&teens=0&children=0&infants=0&dateOut=2026-06-02&dateIn=2026-06-05&isConnectedFlight=false&discount=0&promoCode=&isReturn=true&originIata=KTW&destinationIata=DBV&tpAdults=1&tpTeens=0&tpChildren=0&tpInfants=0&tpStartDate=2026-06-02&tpEndDate=2026-06-05&tpDiscount=0&tpPromoCode=&tpOriginIata=KTW&tpDestinationIata=DBV
POZ,Poznań,BGY,Bergamo,2026-04-28,2026-04-30,709.31,https://www.ryanair.com/pl/pl/trip/flights/select?adults=1&teens=0&children=0&infants=0&dateOut=2026-04-28&dateIn=2026-04-30&isConnectedFlight=false&discount=0&promoCode=&isReturn=true&originIata=POZ&destinationIata=BGY&tpAdults=1&tpTeens=0&tpChildren=0&tpInfants=0&tpStartDate=2026-04-28&tpEndDate=2026-04-30&tpDiscount=0&tpPromoCode=&tpOriginIata=POZ&tpDestinationIata=BGY
POZ,Poznań,BVA,Paryż Beauvais,2026-08-17,2026-08-18,670.25,https://www.ryanair.com/pl/pl/trip/flights/select?adults=1&teens=0&children=0&infants=0&dateOut=2026-08-17&dateIn=2026-08-18&isConnectedFlight=false&discount=0&promoCode=&isReturn=true&originIata=POZ&destinationIata=BVA&tpAdults=1&tpTeens=0&tpChildren=0&tpInfants=0&tpStartDate=2026-08-17&tpEndDate=2026-08-18&tpDiscount=0&tpPromoCode=&tpOriginIata=POZ&tpDestinationIata=BVA
POZ,Poznań,PMI,Palma de Mallorca,2026-06-01,2026-06-02,465.57,https://www.ryanair.com/pl/pl/trip/flights/select?adults=1&teens=0&children=0&infants=0&dateOut=2026-06-01&dateIn=2026-06-02&isConnectedFlight=false&discount=0&promoCode=&isReturn=true&originIata=POZ&destinationIata=PMI&tpAdults=1&tpTeens=0&tpChildren=0&tpInfants=0&tpStartDate=2026-06-01&tpEndDate=2026-06-02&tpDiscount=0&tpPromoCode=&tpOriginIata=POZ&tpDestinationIata=PMI
KTW,Katowice,DBV,Dubrownik,2026-06-05,2026-06-07,632.23,https://www.ryanair.com/pl/pl/trip/flights/select?adults=1&teens=0&children=0&infants=0&dateOut=2026-06-05&dateIn=2026-06-07&isConnectedFlight=false&discount=0&promoCode=&isReturn=true&originIata=KTW&destinationIata=DBV&tpAdults=1&tpTeens=0&tpChildren=0&tpInfants=0&tpStartDate=2026-06-05&tpEndDate=2026-06-07&tpDiscount=0&tpPromoCode=&tpOriginIata=KTW&tpDestinationIata=DBV
POZ,Poznań,BVA,Paryż Beauvais,2026-08-17,2026-08-19,651.44,https://www.ryanair.com/pl/pl/trip/flights/select?adults=1&teens=0&children=0&infants=0&dateOut=2026-08-17&dateIn=2026-08-19&isConnectedFlight=false&discount=0&promoCode=&isReturn=true&originIata=POZ&destinationIata=BVA&tpAdults=1&tpTeens=0&tpChildren=0&tpInfants=0&tpStartDate=2026-08-17&tpEndDate=2026-08-19&tpDiscount=0&tpPromoCode=&tpOriginIata=POZ&tpDestinationIata=BVA
POZ,Poznań,PMI,Palma de Mallorca,2026-06-01,2026-06-03,410.0,https://www.ryanair.com/pl/pl/trip/flights/select?adults=1&teens=0&children=0&infants=0&dateOut=2026-06-01&dateIn=2026-06-03&isConnectedFlight=false&discount=0&promoCode=&isReturn=true&originIata=POZ&destinationIata=PMI&tpAdults=1&tpTeens=0&tpChildren=0&tpInfants=0&tpStartDate=2026-06-01&tpEndDate=2026-06-03&tpDiscount=0&tpPromoCode=&tpOriginIata=POZ&tpDestinationIata=PMI
KTW,Katowice,DBV,Dubrownik,2026-06-07,2026-06-09,208.0,https://www.ryanair.com/pl/pl/trip/flights/select?adults=1&teens=0&children=0&infants=0&dateOut=2026-06-07&dateIn=2026-06-09&isConnectedFlight=false&discount=0&promoCode=&isReturn=true&originIata=KTW&destinationIata=DBV&tpAdults=1&tpTeens=0&tpChildren=0&tpInfants=0&tpStartDate=2026-06-07&tpEndDate=2026-06-09&tpDiscount=0&tpPromoCode=&tpOriginIata=KTW&tpDestinationIata=DBV
POZ,Poznań,PMI,Palma de Mallorca,2026-06-01,2026-06-04,617.14,https://www.ryanair.com/pl/pl/trip/flights/select?adults=1&teens=0&children=0&infants=0&dateOut=2026-06-01&dateIn=2026-06-04&isConnectedFlight=false&discount=0&promoCode=&isReturn=true&originIata=POZ&destinationIata=PMI&tpAdults=1&tpTeens=0&tpChildren=0&tpInfants=0&tpStartDate=2026-06-01&tpEndDate=2026-06-04&tpDiscount=0&tpPromoCode=&tpOriginIata=POZ&tpDestinationIata=PMI
POZ,Poznań,BVA,Paryż Beauvais,2026-08-18,2026-08-19,752.8199999999999,https://www.ryanair.com/pl/pl/trip/flights/select?adults=1&teens=0&children=0&infants=0&dateOut=2026-08-18&dateIn=2026-08-19&isConnectedFlight=false&discount=0&promoCode=&isReturn=true&originIata=POZ&destinationIata=BVA&tpAdults=1&tpTeens=0&tpChildren=0&tpInfants=0&tpStartDate=2026-08-18&tpEndDate=2026-08-19&tpDiscount=0&tpPromoCode=&tpOriginIata=POZ&tpDestinationIata=BVA
POZ,Poznań,PMI,Palma de Mallorca,2026-06-02,2026-06-03,514.97,https://www.ryanair.com/pl/pl/trip/flights/select?adults=1&teens=0&children=0&infants=0&dateOut=2026-06-02&dateIn=2026-06-03&isConnectedFlight=false&discount=0&promoCode=&isReturn=true&originIata=POZ&destinationIata=PMI&tpAdults=1&tpTeens=0&tpChildren=0&tpInfants=0&tpStartDate=2026-06-02&tpEndDate=2026-06-03&tpDiscount=0&tpPromoCode=&tpOriginIata=POZ&tpDestinationIata=PMI
LCJ,Łódź,AGP,Malaga,2026-08-26,2026-08-29,504.94,https://www.ryanair.com/pl/pl/trip/flights/select?adults=1&teens=0&children=0&infants=0&dateOut=2026-08-26&dateIn=2026-08-29&isConnectedFlight=false&discount=0&promoCode=&isReturn=true&originIata=LCJ&destinationIata=AGP&tpAdults=1&tpTeens=0&tpChildren=0&tpInfants=0&tpStartDate=2026-08-26&tpEndDate=2026-08-29&tpDiscount=0&tpPromoCode=&tpOriginIata=LCJ&tpDestinationIata=AGP
KTW,Katowice,DBV,Dubrownik,2026-06-09,2026-06-12,226.34,https://www.ryanair.com/pl/pl/trip/flights/select?adults=1&teens=0&children=0&infants=0&dateOut=2026-06-09&dateIn=2026-06-12&isConnectedFlight=false&discount=0&promoCode=&isReturn=true&originIata=KTW&destinationIata=DBV&tpAdults=1&tpTeens=0&tpChildren=0&tpInfants=0&tpStartDate=2026-06-09&tpEndDate=2026-06-12&tpDiscount=0&tpPromoCode=&tpOriginIata=KTW&tpDestinationIata=DBV
POZ,Poznań,PMI,Palma de Mallorca,2026-06-02,2026-06-04,722.11,https://www.ryanair.com/pl/pl/trip/flights/select?adults=1&teens=0&children=0&infants=0&dateOut=2026-06-02&dateIn=2026-06-04&isConnectedFlight=false&discount=0&promoCode=&isReturn=true&originIata=POZ&destinationIata=PMI&tpAdults=1&tpTeens=0&tpChildren=0&tpInfants=0&tpStartDate=2026-06-02&tpEndDate=2026-06-04&tpDiscount=0&tpPromoCode=&tpOriginIata=POZ&tpDestinationIata=PMI
POZ,Poznań,BGY,Bergamo,2026-04-28,2026-05-01,543.95,https://www.ryanair.com/pl/pl/trip/flights/select?adults=1&teens=0&children=0&infants=0&dateOut=2026-04-28&dateIn=2026-05-01&isConnectedFlight=false&discount=0&promoCode=&isReturn=true&originIata=POZ&destinationIata=BGY&tpAdults=1&tpTeens=0&tpChildren=0&tpInfants=0&tpStartDate=2026-04-28&tpEndDate=2026-05-01&tpDiscount=0&tpPromoCode=&tpOriginIata=POZ&tpDestinationIata=BGY
KTW,Katowice,DBV,Dubrownik,2026-06-12,2026-06-14,498.15999999999997,https://www.ryanair.com/pl/pl/trip/flights/select?adults=1&teens=0&children=0&infants=0&dateOut=2026-06-12&dateIn=2026-06-14&isConnectedFlight=false&discount=0&promoCode=&isReturn=true&originIata=KTW&destinationIata=DBV&tpAdults=1&tpTeens=0&tpChildren=0&tpInfants=0&tpStartDate=2026-06-12&tpEndDate=2026-06-14&tpDiscount=0&tpPromoCode=&tpOriginIata=KTW&tpDestinationIata=DBV
POZ,Poznań,BVA,Paryż Beauvais,2026-08-18,2026-08-21,1082.35,https://www.ryanair.com/pl/pl/trip/flights/select?adults=1&teens=0&children=0&infants=0&dateOut=2026-08-18&dateIn=2026-08-21&isConnectedFlight=false&discount=0&promoCode=&isReturn=true&originIata=POZ&destinationIata=BVA&tpAdults=1&tpTeens=0&tpChildren=0&tpInfants=0&tpStartDate=2026-08-18&tpEndDate=2026-08-21&tpDiscount=0&tpPromoCode=&tpOriginIata=POZ&tpDestinationIata=BVA
POZ,Poznań,TGD,Podgorica,2026-09-24,2026-09-27,815.3800000000001,https://www.ryanair.com/pl/pl/trip/flights/select?adults=1&teens=0&children=0&infants=0&dateOut=2026-09-24&dateIn=2026-09-27&isConnectedFlight=false&discount=0&promoCode=&isReturn=true&originIata=POZ&destinationIata=TGD&tpAdults=1&tpTeens=0&tpChildren=0&tpInfants=0&tpStartDate=2026-09-24&tpEndDate=2026-09-27&tpDiscount=0&tpPromoCode=&tpOriginIata=POZ&tpDestinationIata=TGD
KTW,Katowice,DBV,Dubrownik,2026-06-14,2026-06-16,167.55,https://www.ryanair.com/pl/pl/trip/flights/select?adults=1&teens=0&children=0&infants=0&dateOut=2026-06-14&dateIn=2026-06-16&isConnectedFlight=false&discount=0&promoCode=&isReturn=true&originIata=KTW&destinationIata=DBV&tpAdults=1&tpTeens=0&tpChildren=0&tpInfants=0&tpStartDate=2026-06-14&tpEndDate=2026-06-16&tpDiscount=0&tpPromoCode=&tpOriginIata=KTW&tpDestinationIata=DBV
POZ,Poznań,DBV,Dubrownik,2026-04-29,2026-04-30,362.76,https://www.ryanair.com/pl/pl/trip/flights/select?adults=1&teens=0&children=0&infants=0&dateOut=2026-04-29&dateIn=2026-04-30&isConnectedFlight=false&discount=0&promoCode=&isReturn=true&originIata=POZ&destinationIata=DBV&tpAdults=1&tpTeens=0&tpChildren=0&tpInfants=0&tpStartDate=2026-04-29&tpEndDate=2026-04-30&tpDiscount=0&tpPromoCode=&tpOriginIata=POZ&tpDestinationIata=DBV
POZ,Poznań,BVA,Paryż Beauvais,2026-08-19,2026-08-21,681.35,https://www.ryanair.com/pl/pl/trip/flights/select?adults=1&teens=0&children=0&infants=0&dateOut=2026-08-19&dateIn=2026-08-21&isConnectedFlight=false&discount=0&promoCode=&isReturn=true&originIata=POZ&destinationIata=BVA&tpAdults=1&tpTeens=0&tpChildren=0&tpInfants=0&tpStartDate=2026-08-19&tpEndDate=2026-08-21&tpDiscount=0&tpPromoCode=&tpOriginIata=POZ&tpDestinationIata=BVA
LCJ,Łódź,AGP,Malaga,2026-09-02,2026-09-05,551.09,https://www.ryanair.com/pl/pl/trip/flights/select?adults=1&teens=0&children=0&infants=0&dateOut=2026-09-02&dateIn=2026-09-05&isConnectedFlight=false&discount=0&promoCode=&isReturn=true&originIata=LCJ&destinationIata=AGP&tpAdults=1&tpTeens=0&tpChildren=0&tpInfants=0&tpStartDate=2026-09-02&tpEndDate=2026-09-05&tpDiscount=0&tpPromoCode=&tpOriginIata=LCJ&tpDestinationIata=AGP
KTW,Katowice,DBV,Dubrownik,2026-06-16,2026-06-19,214.19,https://www.ryanair.com/pl/pl/trip/flights/select?adults=1&teens=0&children=0&infants=0&dateOut=2026-06-16&dateIn=2026-06-19&isConnectedFlight=false&discount=0&promoCode=&isReturn=true&originIata=KTW&destinationIata=DBV&tpAdults=1&tpTeens=0&tpChildren=0&tpInfants=0&tpStartDate=2026-06-16&tpEndDate=2026-06-19&tpDiscount=0&tpPromoCode=&tpOriginIata=KTW&tpDestinationIata=DBV
POZ,Poznań,PMI,Palma de Mallorca,2026-06-03,2026-06-06,964.0400000000001,https://www.ryanair.com/pl/pl/trip/flights/select?adults=1&teens=0&children=0&infants=0&dateOut=2026-06-03&dateIn=2026-06-06&isConnectedFlight=false&discount=0&promoCode=&isReturn=true&originIata=POZ&destinationIata=PMI&tpAdults=1&tpTeens=0&tpChildren=0&tpInfants=0&tpStartDate=2026-06-03&tpEndDate=2026-06-06&tpDiscount=0&tpPromoCode=&tpOriginIata=POZ&tpDestinationIata=PMI
KTW,Katowice,DBV,Dubrownik,2026-06-19,2026-06-21,521.42,https://www.ryanair.com/pl/pl/trip/flights/select?adults=1&teens=0&children=0&infants=0&dateOut=2026-06-19&dateIn=2026-06-21&isConnectedFlight=false&discount=0&promoCode=&isReturn=true&originIata=KTW&destinationIata=DBV&tpAdults=1&tpTeens=0&tpChildren=0&tpInfants=0&tpStartDate=2026-06-19&tpEndDate=2026-06-21&tpDiscount=0&tpPromoCode=&tpOriginIata=KTW&tpDestinationIata=DBV
POZ,Poznań,PMI,Palma de Mallorca,2026-06-04,2026-06-06,1170.3400000000001,https://www.ryanair.com/pl/pl/trip/flights/select?adults=1&teens=0&children=0&infants=0&dateOut=2026-06-04&dateIn=2026-06-06&isConnectedFlight=false&discount=0&promoCode=&isReturn=true&originIata=POZ&destinationIata=PMI&tpAdults=1&tpTeens=0&tpChildren=0&tpInfants=0&tpStartDate=2026-06-04&tpEndDate=2026-06-06&tpDiscount=0&tpPromoCode=&tpOriginIata=POZ&tpDestinationIata=PMI
KTW,Katowice,DBV,Dubrownik,2026-06-21,2026-06-23,167.55,https://www.ryanair.com/pl/pl/trip/flights/select?adults=1&teens=0&children=0&infants=0&dateOut=2026-06-21&dateIn=2026-06-23&isConnectedFlight=false&discount=0&promoCode=&isReturn=true&originIata=KTW&destinationIata=DBV&tpAdults=1&tpTeens=0&tpChildren=0&tpInfants=0&tpStartDate=2026-06-21&tpEndDate=2026-06-23&tpDiscount=0&tpPromoCode=&tpOriginIata=KTW&tpDestinationIata=DBV
LCJ,Łódź,AGP,Malaga,2026-09-09,2026-09-12,589.24,https://www.ryanair.com/pl/pl/trip/flights/select?adults=1&teens=0&children=0&infants=0&dateOut=2026-09-09&dateIn=2026-09-12&isConnectedFlight=false&discount=0&promoCode=&isReturn=true&originIata=LCJ&destinationIata=AGP&tpAdults=1&tpTeens=0&tpChildren=0&tpInfants=0&tpStartDate=2026-09-09&tpEndDate=2026-09-12&tpDiscount=0&tpPromoCode=&tpOriginIata=LCJ&tpDestinationIata=AGP
KTW,Katowice,DBV,Dubrownik,2026-06-23,2026-06-26,226.91,https://www.ryanair.com/pl/pl/trip/flights/select?adults=1&teens=0&children=0&infants=0&dateOut=2026-06-23&dateIn=2026-06-26&isConnectedFlight=false&discount=0&promoCode=&isReturn=true&originIata=KTW&destinationIata=DBV&tpAdults=1&tpTeens=0&tpChildren=0&tpInfants=0&tpStartDate=2026-06-23&tpEndDate=2026-06-26&tpDiscount=0&tpPromoCode=&tpOriginIata=KTW&tpDestinationIata=DBV
POZ,Poznań,DBV,Dubrownik,2026-04-30,2026-05-03,1924.3500000000001,https://www.ryanair.com/pl/pl/trip/flights/select?adults=1&teens=0&children=0&infants=0&dateOut=2026-04-30&dateIn=2026-05-03&isConnectedFlight=false&discount=0&promoCode=&isReturn=true&originIata=POZ&destinationIata=DBV&tpAdults=1&tpTeens=0&tpChildren=0&tpInfants=0&tpStartDate=2026-04-30&tpEndDate=2026-05-03&tpDiscount=0&tpPromoCode=&tpOriginIata=POZ&tpDestinationIata=DBV
POZ,Poznań,BVA,Paryż Beauvais,2026-08-21,2026-08-23,485.66999999999996,https://www.ryanair.com/pl/pl/trip/flights/select?adults=1&teens=0&children=0&infants=0&dateOut=2026-08-21&dateIn=2026-08-23&isConnectedFlight=false&discount=0&promoCode=&isReturn=true&originIata=POZ&destinationIata=BVA&tpAdults=1&tpTeens=0&tpChildren=0&tpInfants=0&tpStartDate=2026-08-21&tpEndDate=2026-08-23&tpDiscount=0&tpPromoCode=&tpOriginIata=POZ&tpDestinationIata=BVA
KTW,Katowice,DBV,Dubrownik,2026-06-26,2026-06-28,379.86,https://www.ryanair.com/pl/pl/trip/flights/select?adults=1&teens=0&children=0&infants=0&dateOut=2026-06-26&dateIn=2026-06-28&isConnectedFlight=false&discount=0&promoCode=&isReturn=true&originIata=KTW&destinationIata=DBV&tpAdults=1&tpTeens=0&tpChildren=0&tpInfants=0&tpStartDate=2026-06-26&tpEndDate=2026-06-28&tpDiscount=0&tpPromoCode=&tpOriginIata=KTW&tpDestinationIata=DBV
POZ,Poznań,AGP,Malaga,2026-09-25,2026-09-28,1195.23,https://www.ryanair.com/pl/pl/trip/flights/select?adults=1&teens=0&children=0&infants=0&dateOut=2026-09-25&dateIn=2026-09-28&isConnectedFlight=false&discount=0&promoCode=&isReturn=true&originIata=POZ&destinationIata=AGP&tpAdults=1&tpTeens=0&tpChildren=0&tpInfants=0&tpStartDate=2026-09-25&tpEndDate=2026-09-28&tpDiscount=0&tpPromoCode=&tpOriginIata=POZ&tpDestinationIata=AGP
POZ,Poznań,BVA,Paryż Beauvais,2026-08-21,2026-08-24,477.19,https://www.ryanair.com/pl/pl/trip/flights/select?adults=1&teens=0&children=0&infants=0&dateOut=2026-08-21&dateIn=2026-08-24&isConnectedFlight=false&discount=0&promoCode=&isReturn=true&originIata=POZ&destinationIata=BVA&tpAdults=1&tpTeens=0&tpChildren=0&tpInfants=0&tpStartDate=2026-08-21&tpEndDate=2026-08-24&tpDiscount=0&tpPromoCode=&tpOriginIata=POZ&tpDestinationIata=BVA
KTW,Katowice,DBV,Dubrownik,2026-06-28,2026-06-30,201.47,https://www.ryanair.com/pl/pl/trip/flights/select?adults=1&teens=0&children=0&infants=0&dateOut=2026-06-28&dateIn=2026-06-30&isConnectedFlight=false&discount=0&promoCode=&isReturn=true&originIata=KTW&destinationIata=DBV&tpAdults=1&tpTeens=0&tpChildren=0&tpInfants=0&tpStartDate=2026-06-28&tpEndDate=2026-06-30&tpDiscount=0&tpPromoCode=&tpOriginIata=KTW&tpDestinationIata=DBV
LCJ,Łódź,AGP,Malaga,2026-09-16,2026-09-19,569.95,https://www.ryanair.com/pl/pl/trip/flights/select?adults=1&teens=0&children=0&infants=0&dateOut=2026-09-16&dateIn=2026-09-19&isConnectedFlight=false&discount=0&promoCode=&isReturn=true&originIata=LCJ&destinationIata=AGP&tpAdults=1&tpTeens=0&tpChildren=0&tpInfants=0&tpStartDate=2026-09-16&tpEndDate=2026-09-19&tpDiscount=0&tpPromoCode=&tpOriginIata=LCJ&tpDestinationIata=AGP
KTW,Katowice,DBV,Dubrownik,2026-06-30,2026-07-03,325.81,https://www.ryanair.com/pl/pl/trip/flights/select?adults=1&teens=0&children=0&infants=0&dateOut=2026-06-30&dateIn=2026-07-03&isConnectedFlight=false&discount=0&promoCode=&isReturn=true&originIata=KTW&destinationIata=DBV&tpAdults=1&tpTeens=0&tpChildren=0&tpInfants=0&tpStartDate=2026-06-30&tpEndDate=2026-07-03&tpDiscount=0&tpPromoCode=&tpOriginIata=KTW&tpDestinationIata=DBV
POZ,Poznań,PMI,Palma de Mallorca,2026-06-06,2026-06-08,904.19,https://www.ryanair.com/pl/pl/trip/flights/select?adults=1&teens=0&children=0&infants=0&dateOut=2026-06-06&dateIn=2026-06-08&isConnectedFlight=false&discount=0&promoCode=&isReturn=true&originIata=POZ&destinationIata=PMI&tpAdults=1&tpTeens=0&tpChildren=0&tpInfants=0&tpStartDate=2026-06-06&tpEndDate=2026-06-08&tpDiscount=0&tpPromoCode=&tpOriginIata=POZ&tpDestinationIata=PMI
POZ,Poznań,PMI,Palma de Mallorca,2026-06-06,2026-06-09,760.02,https://www.ryanair.com/pl/pl/trip/flights/select?adults=1&teens=0&children=0&infants=0&dateOut=2026-06-06&dateIn=2026-06-09&isConnectedFlight=false&discount=0&promoCode=&isReturn=true&originIata=POZ&destinationIata=PMI&tpAdults=1&tpTeens=0&tpChildren=0&tpInfants=0&tpStartDate=2026-06-06&tpEndDate=2026-06-09&tpDiscount=0&tpPromoCode=&tpOriginIata=POZ&tpDestinationIata=PMI
KTW,Katowice,DBV,Dubrownik,2026-07-03,2026-07-05,481.29,https://www.ryanair.com/pl/pl/trip/flights/select?adults=1&teens=0&children=0&infants=0&dateOut=2026-07-03&dateIn=2026-07-05&isConnectedFlight=false&discount=0&promoCode=&isReturn=true&originIata=KTW&destinationIata=DBV&tpAdults=1&tpTeens=0&tpChildren=0&tpInfants=0&tpStartDate=2026-07-03&tpEndDate=2026-07-05&tpDiscount=0&tpPromoCode=&tpOriginIata=KTW&tpDestinationIata=DBV
POZ,Poznań,BVA,Paryż Beauvais,2026-08-23,2026-08-24,436.86,https://www.ryanair.com/pl/pl/trip/flights/select?adults=1&teens=0&children=0&infants=0&dateOut=2026-08-23&dateIn=2026-08-24&isConnectedFlight=false&discount=0&promoCode=&isReturn=true&originIata=POZ&destinationIata=BVA&tpAdults=1&tpTeens=0&tpChildren=0&tpInfants=0&tpStartDate=2026-08-23&tpEndDate=2026-08-24&tpDiscount=0&tpPromoCode=&tpOriginIata=POZ&tpDestinationIata=BVA
KTW,Katowice,DBV,Dubrownik,2026-07-05,2026-07-07,237.92000000000002,https://www.ryanair.com/pl/pl/trip/flights/select?adults=1&teens=0&children=0&infants=0&dateOut=2026-07-05&dateIn=2026-07-07&isConnectedFlight=false&discount=0&promoCode=&isReturn=true&originIata=KTW&destinationIata=DBV&tpAdults=1&tpTeens=0&tpChildren=0&tpInfants=0&tpStartDate=2026-07-05&tpEndDate=2026-07-07&tpDiscount=0&tpPromoCode=&tpOriginIata=KTW&tpDestinationIata=DBV
POZ,Poznań,BVA,Paryż Beauvais,2026-08-23,2026-08-25,432.62,https://www.ryanair.com/pl/pl/trip/flights/select?adults=1&teens=0&children=0&infants=0&dateOut=2026-08-23&dateIn=2026-08-25&isConnectedFlight=false&discount=0&promoCode=&isReturn=true&originIata=POZ&destinationIata=BVA&tpAdults=1&tpTeens=0&tpChildren=0&tpInfants=0&tpStartDate=2026-08-23&tpEndDate=2026-08-25&tpDiscount=0&tpPromoCode=&tpOriginIata=POZ&tpDestinationIata=BVA
LCJ,Łódź,AGP,Malaga,2026-09-23,2026-09-26,612.4200000000001,https://www.ryanair.com/pl/pl/trip/flights/select?adults=1&teens=0&children=0&infants=0&dateOut=2026-09-23&dateIn=2026-09-26&isConnectedFlight=false&discount=0&promoCode=&isReturn=true&originIata=LCJ&destinationIata=AGP&tpAdults=1&tpTeens=0&tpChildren=0&tpInfants=0&tpStartDate=2026-09-23&tpEndDate=2026-09-26&tpDiscount=0&tpPromoCode=&tpOriginIata=LCJ&tpDestinationIata=AGP
KTW,Katowice,DBV,Dubrownik,2026-07-07,2026-07-10,303.13,https://www.ryanair.com/pl/pl/trip/flights/select?adults=1&teens=0&children=0&infants=0&dateOut=2026-07-07&dateIn=2026-07-10&isConnectedFlight=false&discount=0&promoCode=&isReturn=true&originIata=KTW&destinationIata=DBV&tpAdults=1&tpTeens=0&tpChildren=0&tpInfants=0&tpStartDate=2026-07-07&tpEndDate=2026-07-10&tpDiscount=0&tpPromoCode=&tpOriginIata=KTW&tpDestinationIata=DBV
POZ,Poznań,BVA,Paryż Beauvais,2026-08-23,2026-08-26,485.77,https://www.ryanair.com/pl/pl/trip/flights/select?adults=1&teens=0&children=0&infants=0&dateOut=2026-08-23&dateIn=2026-08-26&isConnectedFlight=false&discount=0&promoCode=&isReturn=true&originIata=POZ&destinationIata=BVA&tpAdults=1&tpTeens=0&tpChildren=0&tpInfants=0&tpStartDate=2026-08-23&tpEndDate=2026-08-26&tpDiscount=0&tpPromoCode=&tpOriginIata=POZ&tpDestinationIata=BVA
POZ,Poznań,DBV,Dubrownik,2026-05-03,2026-05-06,446.94,https://www.ryanair.com/pl/pl/trip/flights/select?adults=1&teens=0&children=0&infants=0&dateOut=2026-05-03&dateIn=2026-05-06&isConnectedFlight=false&discount=0&promoCode=&isReturn=true&originIata=POZ&destinationIata=DBV&tpAdults=1&tpTeens=0&tpChildren=0&tpInfants=0&tpStartDate=2026-05-03&tpEndDate=2026-05-06&tpDiscount=0&tpPromoCode=&tpOriginIata=POZ&tpDestinationIata=DBV
POZ,Poznań,PMI,Palma de Mallorca,2026-06-08,2026-06-09,636.31,https://www.ryanair.com/pl/pl/trip/flights/select?adults=1&teens=0&children=0&infants=0&dateOut=2026-06-08&dateIn=2026-06-09&isConnectedFlight=false&discount=0&promoCode=&isReturn=true&originIata=POZ&destinationIata=PMI&tpAdults=1&tpTeens=0&tpChildren=0&tpInfants=0&tpStartDate=2026-06-08&tpEndDate=2026-06-09&tpDiscount=0&tpPromoCode=&tpOriginIata=POZ&tpDestinationIata=PMI
POZ,Poznań,BVA,Paryż Beauvais,2026-08-24,2026-08-25,377.25,https://www.ryanair.com/pl/pl/trip/flights/select?adults=1&teens=0&children=0&infants=0&dateOut=2026-08-24&dateIn=2026-08-25&isConnectedFlight=false&discount=0&promoCode=&isReturn=true&originIata=POZ&destinationIata=BVA&tpAdults=1&tpTeens=0&tpChildren=0&tpInfants=0&tpStartDate=2026-08-24&tpEndDate=2026-08-25&tpDiscount=0&tpPromoCode=&tpOriginIata=POZ&tpDestinationIata=BVA
KTW,Katowice,DBV,Dubrownik,2026-07-10,2026-07-12,415.0,https://www.ryanair.com/pl/pl/trip/flights/select?adults=1&teens=0&children=0&infants=0&dateOut=2026-07-10&dateIn=2026-07-12&isConnectedFlight=false&discount=0&promoCode=&isReturn=true&originIata=KTW&destinationIata=DBV&tpAdults=1&tpTeens=0&tpChildren=0&tpInfants=0&tpStartDate=2026-07-10&tpEndDate=2026-07-12&tpDiscount=0&tpPromoCode=&tpOriginIata=KTW&tpDestinationIata=DBV
POZ,Poznań,PMI,Palma de Mallorca,2026-06-08,2026-06-10,473.9,https://www.ryanair.com/pl/pl/trip/flights/select?adults=1&teens=0&children=0&infants=0&dateOut=2026-06-08&dateIn=2026-06-10&isConnectedFlight=false&discount=0&promoCode=&isReturn=true&originIata=POZ&destinationIata=PMI&tpAdults=1&tpTeens=0&tpChildren=0&tpInfants=0&tpStartDate=2026-06-08&tpEndDate=2026-06-10&tpDiscount=0&tpPromoCode=&tpOriginIata=POZ&tpDestinationIata=PMI
POZ,Poznań,BVA,Paryż Beauvais,2026-08-24,2026-08-26,430.4,https://www.ryanair.com/pl/pl/trip/flights/select?adults=1&teens=0&children=0&infants=0&dateOut=2026-08-24&dateIn=2026-08-26&isConnectedFlight=false&discount=0&promoCode=&isReturn=true&originIata=POZ&destinationIata=BVA&tpAdults=1&tpTeens=0&tpChildren=0&tpInfants=0&tpStartDate=2026-08-24&tpEndDate=2026-08-26&tpDiscount=0&tpPromoCode=&tpOriginIata=POZ&tpDestinationIata=BVA
KTW,Katowice,DBV,Dubrownik,2026-07-12,2026-07-14,204.24,https://www.ryanair.com/pl/pl/trip/flights/select?adults=1&teens=0&children=0&infants=0&dateOut=2026-07-12&dateIn=2026-07-14&isConnectedFlight=false&discount=0&promoCode=&isReturn=true&originIata=KTW&destinationIata=DBV&tpAdults=1&tpTeens=0&tpChildren=0&tpInfants=0&tpStartDate=2026-07-12&tpEndDate=2026-07-14&tpDiscount=0&tpPromoCode=&tpOriginIata=KTW&tpDestinationIata=DBV
POZ,Poznań,PMI,Palma de Mallorca,2026-06-08,2026-06-11,613.0,https://www.ryanair.com/pl/pl/trip/flights/select?adults=1&teens=0&children=0&infants=0&dateOut=2026-06-08&dateIn=2026-06-11&isConnectedFlight=false&discount=0&promoCode=&isReturn=true&originIata=POZ&destinationIata=PMI&tpAdults=1&tpTeens=0&tpChildren=0&tpInfants=0&tpStartDate=2026-06-08&tpEndDate=2026-06-11&tpDiscount=0&tpPromoCode=&tpOriginIata=POZ&tpDestinationIata=PMI
POZ,Poznań,PMI,Palma de Mallorca,2026-06-09,2026-06-10,371.81,https://www.ryanair.com/pl/pl/trip/flights/select?adults=1&teens=0&children=0&infants=0&dateOut=2026-06-09&dateIn=2026-06-10&isConnectedFlight=false&discount=0&promoCode=&isReturn=true&originIata=POZ&destinationIata=PMI&tpAdults=1&tpTeens=0&tpChildren=0&tpInfants=0&tpStartDate=2026-06-09&tpEndDate=2026-06-10&tpDiscount=0&tpPromoCode=&tpOriginIata=POZ&tpDestinationIata=PMI
LCJ,Łódź,AGP,Malaga,2026-09-30,2026-10-03,679.53,https://www.ryanair.com/pl/pl/trip/flights/select?adults=1&teens=0&children=0&infants=0&dateOut=2026-09-30&dateIn=2026-10-03&isConnectedFlight=false&discount=0&promoCode=&isReturn=true&originIata=LCJ&destinationIata=AGP&tpAdults=1&tpTeens=0&tpChildren=0&tpInfants=0&tpStartDate=2026-09-30&tpEndDate=2026-10-03&tpDiscount=0&tpPromoCode=&tpOriginIata=LCJ&tpDestinationIata=AGP
KTW,Katowice,DBV,Dubrownik,2026-07-14,2026-07-17,347.31,https://www.ryanair.com/pl/pl/trip/flights/select?adults=1&teens=0&children=0&infants=0&dateOut=2026-07-14&dateIn=2026-07-17&isConnectedFlight=false&discount=0&promoCode=&isReturn=true&originIata=KTW&destinationIata=DBV&tpAdults=1&tpTeens=0&tpChildren=0&tpInfants=0&tpStartDate=2026-07-14&tpEndDate=2026-07-17&tpDiscount=0&tpPromoCode=&tpOriginIata=KTW&tpDestinationIata=DBV
POZ,Poznań,BVA,Paryż Beauvais,2026-08-25,2026-08-26,447.36,https://www.ryanair.com/pl/pl/trip/flights/select?adults=1&teens=0&children=0&infants=0&dateOut=2026-08-25&dateIn=2026-08-26&isConnectedFlight=false&discount=0&promoCode=&isReturn=true&originIata=POZ&destinationIata=BVA&tpAdults=1&tpTeens=0&tpChildren=0&tpInfants=0&tpStartDate=2026-08-25&tpEndDate=2026-08-26&tpDiscount=0&tpPromoCode=&tpOriginIata=POZ&tpDestinationIata=BVA
POZ,Poznań,PMI,Palma de Mallorca,2026-06-09,2026-06-11,510.90999999999997,https://www.ryanair.com/pl/pl/trip/flights/select?adults=1&teens=0&children=0&infants=0&dateOut=2026-06-09&dateIn=2026-06-11&isConnectedFlight=false&discount=0&promoCode=&isReturn=true&originIata=POZ&destinationIata=PMI&tpAdults=1&tpTeens=0&tpChildren=0&tpInfants=0&tpStartDate=2026-06-09&tpEndDate=2026-06-11&tpDiscount=0&tpPromoCode=&tpOriginIata=POZ&tpDestinationIata=PMI
KTW,Katowice,DBV,Dubrownik,2026-07-17,2026-07-19,394.22,https://www.ryanair.com/pl/pl/trip/flights/select?adults=1&teens=0&children=0&infants=0&dateOut=2026-07-17&dateIn=2026-07-19&isConnectedFlight=false&discount=0&promoCode=&isReturn=true&originIata=KTW&destinationIata=DBV&tpAdults=1&tpTeens=0&tpChildren=0&tpInfants=0&tpStartDate=2026-07-17&tpEndDate=2026-07-19&tpDiscount=0&tpPromoCode=&tpOriginIata=KTW&tpDestinationIata=DBV
POZ,Poznań,TGD,Podgorica,2026-10-01,2026-10-04,737.6400000000001,https://www.ryanair.com/pl/pl/trip/flights/select?adults=1&teens=0&children=0&infants=0&dateOut=2026-10-01&dateIn=2026-10-04&isConnectedFlight=false&discount=0&promoCode=&isReturn=true&originIata=POZ&destinationIata=TGD&tpAdults=1&tpTeens=0&tpChildren=0&tpInfants=0&tpStartDate=2026-10-01&tpEndDate=2026-10-04&tpDiscount=0&tpPromoCode=&tpOriginIata=POZ&tpDestinationIata=TGD
POZ,Poznań,BVA,Paryż Beauvais,2026-08-25,2026-08-28,487.49,https://www.ryanair.com/pl/pl/trip/flights/select?adults=1&teens=0&children=0&infants=0&dateOut=2026-08-25&dateIn=2026-08-28&isConnectedFlight=false&discount=0&promoCode=&isReturn=true&originIata=POZ&destinationIata=BVA&tpAdults=1&tpTeens=0&tpChildren=0&tpInfants=0&tpStartDate=2026-08-25&tpEndDate=2026-08-28&tpDiscount=0&tpPromoCode=&tpOriginIata=POZ&tpDestinationIata=BVA
POZ,Poznań,PMI,Palma de Mallorca,2026-06-10,2026-06-11,466.89,https://www.ryanair.com/pl/pl/trip/flights/select?adults=1&teens=0&children=0&infants=0&dateOut=2026-06-10&dateIn=2026-06-11&isConnectedFlight=false&discount=0&promoCode=&isReturn=true&originIata=POZ&destinationIata=PMI&tpAdults=1&tpTeens=0&tpChildren=0&tpInfants=0&tpStartDate=2026-06-10&tpEndDate=2026-06-11&tpDiscount=0&tpPromoCode=&tpOriginIata=POZ&tpDestinationIata=PMI
KTW,Katowice,DBV,Dubrownik,2026-07-19,2026-07-21,204.24,https://www.ryanair.com/pl/pl/trip/flights/select?adults=1&teens=0&children=0&infants=0&dateOut=2026-07-19&dateIn=2026-07-21&isConnectedFlight=false&discount=0&promoCode=&isReturn=true&originIata=KTW&destinationIata=DBV&tpAdults=1&tpTeens=0&tpChildren=0&tpInfants=0&tpStartDate=2026-07-19&tpEndDate=2026-07-21&tpDiscount=0&tpPromoCode=&tpOriginIata=KTW&tpDestinationIata=DBV
POZ,Poznań,DBV,Dubrownik,2026-05-06,2026-05-07,208.0,https://www.ryanair.com/pl/pl/trip/flights/select?adults=1&teens=0&children=0&infants=0&dateOut=2026-05-06&dateIn=2026-05-07&isConnectedFlight=false&discount=0&promoCode=&isReturn=true&originIata=POZ&destinationIata=DBV&tpAdults=1&tpTeens=0&tpChildren=0&tpInfants=0&tpStartDate=2026-05-06&tpEndDate=2026-05-07&tpDiscount=0&tpPromoCode=&tpOriginIata=POZ&tpDestinationIata=DBV
POZ,Poznań,BVA,Paryż Beauvais,2026-08-26,2026-08-28,496.85,https://www.ryanair.com/pl/pl/trip/flights/select?adults=1&teens=0&children=0&infants=0&dateOut=2026-08-26&dateIn=2026-08-28&isConnectedFlight=false&discount=0&promoCode=&isReturn=true&originIata=POZ&destinationIata=BVA&tpAdults=1&tpTeens=0&tpChildren=0&tpInfants=0&tpStartDate=2026-08-26&tpEndDate=2026-08-28&tpDiscount=0&tpPromoCode=&tpOriginIata=POZ&tpDestinationIata=BVA
LCJ,Łódź,AGP,Malaga,2026-10-07,2026-10-10,544.21,https://www.ryanair.com/pl/pl/trip/flights/select?adults=1&teens=0&children=0&infants=0&dateOut=2026-10-07&dateIn=2026-10-10&isConnectedFlight=false&discount=0&promoCode=&isReturn=true&originIata=LCJ&destinationIata=AGP&tpAdults=1&tpTeens=0&tpChildren=0&tpInfants=0&tpStartDate=2026-10-07&tpEndDate=2026-10-10&tpDiscount=0&tpPromoCode=&tpOriginIata=LCJ&tpDestinationIata=AGP
KTW,Katowice,DBV,Dubrownik,2026-07-21,2026-07-24,258.77,https://www.ryanair.com/pl/pl/trip/flights/select?adults=1&teens=0&children=0&infants=0&dateOut=2026-07-21&dateIn=2026-07-24&isConnectedFlight=false&discount=0&promoCode=&isReturn=true&originIata=KTW&destinationIata=DBV&tpAdults=1&tpTeens=0&tpChildren=0&tpInfants=0&tpStartDate=2026-07-21&tpEndDate=2026-07-24&tpDiscount=0&tpPromoCode=&tpOriginIata=KTW&tpDestinationIata=DBV
POZ,Poznań,PMI,Palma de Mallorca,2026-06-10,2026-06-13,490.2,https://www.ryanair.com/pl/pl/trip/flights/select?adults=1&teens=0&children=0&infants=0&dateOut=2026-06-10&dateIn=2026-06-13&isConnectedFlight=false&discount=0&promoCode=&isReturn=true&originIata=POZ&destinationIata=PMI&tpAdults=1&tpTeens=0&tpChildren=0&tpInfants=0&tpStartDate=2026-06-10&tpEndDate=2026-06-13&tpDiscount=0&tpPromoCode=&tpOriginIata=POZ&tpDestinationIata=PMI
KTW,Katowice,DBV,Dubrownik,2026-07-24,2026-07-26,456.69000000000005,https://www.ryanair.com/pl/pl/trip/flights/select?adults=1&teens=0&children=0&infants=0&dateOut=2026-07-24&dateIn=2026-07-26&isConnectedFlight=false&discount=0&promoCode=&isReturn=true&originIata=KTW&destinationIata=DBV&tpAdults=1&tpTeens=0&tpChildren=0&tpInfants=0&tpStartDate=2026-07-24&tpEndDate=2026-07-26&tpDiscount=0&tpPromoCode=&tpOriginIata=KTW&tpDestinationIata=DBV
POZ,Poznań,PMI,Palma de Mallorca,2026-06-11,2026-06-13,494.15,https://www.ryanair.com/pl/pl/trip/flights/select?adults=1&teens=0&children=0&infants=0&dateOut=2026-06-11&dateIn=2026-06-13&isConnectedFlight=false&discount=0&promoCode=&isReturn=true&originIata=POZ&destinationIata=PMI&tpAdults=1&tpTeens=0&tpChildren=0&tpInfants=0&tpStartDate=2026-06-11&tpEndDate=2026-06-13&tpDiscount=0&tpPromoCode=&tpOriginIata=POZ&tpDestinationIata=PMI
KTW,Katowice,DBV,Dubrownik,2026-07-26,2026-07-28,247.12,https://www.ryanair.com/pl/pl/trip/flights/select?adults=1&teens=0&children=0&infants=0&dateOut=2026-07-26&dateIn=2026-07-28&isConnectedFlight=false&discount=0&promoCode=&isReturn=true&originIata=KTW&destinationIata=DBV&tpAdults=1&tpTeens=0&tpChildren=0&tpInfants=0&tpStartDate=2026-07-26&tpEndDate=2026-07-28&tpDiscount=0&tpPromoCode=&tpOriginIata=KTW&tpDestinationIata=DBV
LCJ,Łódź,AGP,Malaga,2026-10-14,2026-10-17,635.89,https://www.ryanair.com/pl/pl/trip/flights/select?adults=1&teens=0&children=0&infants=0&dateOut=2026-10-14&dateIn=2026-10-17&isConnectedFlight=false&discount=0&promoCode=&isReturn=true&originIata=LCJ&destinationIata=AGP&tpAdults=1&tpTeens=0&tpChildren=0&tpInfants=0&tpStartDate=2026-10-14&tpEndDate=2026-10-17&tpDiscount=0&tpPromoCode=&tpOriginIata=LCJ&tpDestinationIata=AGP
KTW,Katowice,DBV,Dubrownik,2026-07-28,2026-07-31,295.92,https://www.ryanair.com/pl/pl/trip/flights/select?adults=1&teens=0&children=0&infants=0&dateOut=2026-07-28&dateIn=2026-07-31&isConnectedFlight=false&discount=0&promoCode=&isReturn=true&originIata=KTW&destinationIata=DBV&tpAdults=1&tpTeens=0&tpChildren=0&tpInfants=0&tpStartDate=2026-07-28&tpEndDate=2026-07-31&tpDiscount=0&tpPromoCode=&tpOriginIata=KTW&tpDestinationIata=DBV
POZ,Poznań,DBV,Dubrownik,2026-05-07,2026-05-10,600.01,https://www.ryanair.com/pl/pl/trip/flights/select?adults=1&teens=0&children=0&infants=0&dateOut=2026-05-07&dateIn=2026-05-10&isConnectedFlight=false&discount=0&promoCode=&isReturn=true&originIata=POZ&destinationIata=DBV&tpAdults=1&tpTeens=0&tpChildren=0&tpInfants=0&tpStartDate=2026-05-07&tpEndDate=2026-05-10&tpDiscount=0&tpPromoCode=&tpOriginIata=POZ&tpDestinationIata=DBV
KTW,Katowice,DBV,Dubrownik,2026-07-31,2026-08-02,334.86,https://www.ryanair.com/pl/pl/trip/flights/select?adults=1&teens=0&children=0&infants=0&dateOut=2026-07-31&dateIn=2026-08-02&isConnectedFlight=false&discount=0&promoCode=&isReturn=true&originIata=KTW&destinationIata=DBV&tpAdults=1&tpTeens=0&tpChildren=0&tpInfants=0&tpStartDate=2026-07-31&tpEndDate=2026-08-02&tpDiscount=0&tpPromoCode=&tpOriginIata=KTW&tpDestinationIata=DBV
POZ,Poznań,AGP,Malaga,2026-10-02,2026-10-05,860.27,https://www.ryanair.com/pl/pl/trip/flights/select?adults=1&teens=0&children=0&infants=0&dateOut=2026-10-02&dateIn=2026-10-05&isConnectedFlight=false&discount=0&promoCode=&isReturn=true&originIata=POZ&destinationIata=AGP&tpAdults=1&tpTeens=0&tpChildren=0&tpInfants=0&tpStartDate=2026-10-02&tpEndDate=2026-10-05&tpDiscount=0&tpPromoCode=&tpOriginIata=POZ&tpDestinationIata=AGP
POZ,Poznań,BVA,Paryż Beauvais,2026-08-28,2026-08-30,479.01,https://www.ryanair.com/pl/pl/trip/flights/select?adults=1&teens=0&children=0&infants=0&dateOut=2026-08-28&dateIn=2026-08-30&isConnectedFlight=false&discount=0&promoCode=&isReturn=true&originIata=POZ&destinationIata=BVA&tpAdults=1&tpTeens=0&tpChildren=0&tpInfants=0&tpStartDate=2026-08-28&tpEndDate=2026-08-30&tpDiscount=0&tpPromoCode=&tpOriginIata=POZ&tpDestinationIata=BVA
KRK,Kraków,TGD,Podgorica,2026-04-27,2026-04-28,294.5,https://www.ryanair.com/pl/pl/trip/flights/select?adults=1&teens=0&children=0&infants=0&dateOut=2026-04-27&dateIn=2026-04-28&isConnectedFlight=false&discount=0&promoCode=&isReturn=true&originIata=KRK&destinationIata=TGD&tpAdults=1&tpTeens=0&tpChildren=0&tpInfants=0&tpStartDate=2026-04-27&tpEndDate=2026-04-28&tpDiscount=0&tpPromoCode=&tpOriginIata=KRK&tpDestinationIata=TGD
KRK,Kraków,TGD,Podgorica,2026-04-27,2026-04-29,296.5,https://www.ryanair.com/pl/pl/trip/flights/select?adults=1&teens=0&children=0&infants=0&dateOut=2026-04-27&dateIn=2026-04-29&isConnectedFlight=false&discount=0&promoCode=&isReturn=true&originIata=KRK&destinationIata=TGD&tpAdults=1&tpTeens=0&tpChildren=0&tpInfants=0&tpStartDate=2026-04-27&tpEndDate=2026-04-29&tpDiscount=0&tpPromoCode=&tpOriginIata=KRK&tpDestinationIata=TGD
KRK,Kraków,TGD,Podgorica,2026-04-27,2026-04-30,294.5,https://www.ryanair.com/pl/pl/trip/flights/select?adults=1&teens=0&children=0&infants=0&dateOut=2026-04-27&dateIn=2026-04-30&isConnectedFlight=false&discount=0&promoCode=&isReturn=true&originIata=KRK&destinationIata=TGD&tpAdults=1&tpTeens=0&tpChildren=0&tpInfants=0&tpStartDate=2026-04-27&tpEndDate=2026-04-30&tpDiscount=0&tpPromoCode=&tpOriginIata=KRK&tpDestinationIata=TGD
KRK,Kraków,TGD,Podgorica,2026-04-28,2026-04-29,205.57,https://www.ryanair.com/pl/pl/trip/flights/select?adults=1&teens=0&children=0&infants=0&dateOut=2026-04-28&dateIn=2026-04-29&isConnectedFlight=false&discount=0&promoCode=&isReturn=true&originIata=KRK&destinationIata=TGD&tpAdults=1&tpTeens=0&tpChildren=0&tpInfants=0&tpStartDate=2026-04-28&tpEndDate=2026-04-29&tpDiscount=0&tpPromoCode=&tpOriginIata=KRK&tpDestinationIata=TGD
POZ,Poznań,BVA,Paryż Beauvais,2026-08-28,2026-08-31,467.34,https://www.ryanair.com/pl/pl/trip/flights/select?adults=1&teens=0&children=0&infants=0&dateOut=2026-08-28&dateIn=2026-08-31&isConnectedFlight=false&discount=0&promoCode=&isReturn=true&originIata=POZ&destinationIata=BVA&tpAdults=1&tpTeens=0&tpChildren=0&tpInfants=0&tpStartDate=2026-08-28&tpEndDate=2026-08-31&tpDiscount=0&tpPromoCode=&tpOriginIata=POZ&tpDestinationIata=BVA
KTW,Katowice,DBV,Dubrownik,2026-08-02,2026-08-04,212.72,https://www.ryanair.com/pl/pl/trip/flights/select?adults=1&teens=0&children=0&infants=0&dateOut=2026-08-02&dateIn=2026-08-04&isConnectedFlight=false&discount=0&promoCode=&isReturn=true&originIata=KTW&destinationIata=DBV&tpAdults=1&tpTeens=0&tpChildren=0&tpInfants=0&tpStartDate=2026-08-02&tpEndDate=2026-08-04&tpDiscount=0&tpPromoCode=&tpOriginIata=KTW&tpDestinationIata=DBV
KRK,Kraków,TGD,Podgorica,2026-04-28,2026-04-30,203.57,https://www.ryanair.com/pl/pl/trip/flights/select?adults=1&teens=0&children=0&infants=0&dateOut=2026-04-28&dateIn=2026-04-30&isConnectedFlight=false&discount=0&promoCode=&isReturn=true&originIata=KRK&destinationIata=TGD&tpAdults=1&tpTeens=0&tpChildren=0&tpInfants=0&tpStartDate=2026-04-28&tpEndDate=2026-04-30&tpDiscount=0&tpPromoCode=&tpOriginIata=KRK&tpDestinationIata=TGD
KRK,Kraków,TGD,Podgorica,2026-04-28,2026-05-01,293.4,https://www.ryanair.com/pl/pl/trip/flights/select?adults=1&teens=0&children=0&infants=0&dateOut=2026-04-28&dateIn=2026-05-01&isConnectedFlight=false&discount=0&promoCode=&isReturn=true&originIata=KRK&destinationIata=TGD&tpAdults=1&tpTeens=0&tpChildren=0&tpInfants=0&tpStartDate=2026-04-28&tpEndDate=2026-05-01&tpDiscount=0&tpPromoCode=&tpOriginIata=KRK&tpDestinationIata=TGD
KRK,Kraków,TGD,Podgorica,2026-04-29,2026-04-30,230.7,https://www.ryanair.com/pl/pl/trip/flights/select?adults=1&teens=0&children=0&infants=0&dateOut=2026-04-29&dateIn=2026-04-30&isConnectedFlight=false&discount=0&promoCode=&isReturn=true&originIata=KRK&destinationIata=TGD&tpAdults=1&tpTeens=0&tpChildren=0&tpInfants=0&tpStartDate=2026-04-29&tpEndDate=2026-04-30&tpDiscount=0&tpPromoCode=&tpOriginIata=KRK&tpDestinationIata=TGD
KRK,Kraków,TGD,Podgorica,2026-04-29,2026-05-01,320.53,https://www.ryanair.com/pl/pl/trip/flights/select?adults=1&teens=0&children=0&infants=0&dateOut=2026-04-29&dateIn=2026-05-01&isConnectedFlight=false&discount=0&promoCode=&isReturn=true&originIata=KRK&destinationIata=TGD&tpAdults=1&tpTeens=0&tpChildren=0&tpInfants=0&tpStartDate=2026-04-29&tpEndDate=2026-05-01&tpDiscount=0&tpPromoCode=&tpOriginIata=KRK&tpDestinationIata=TGD
KRK,Kraków,TGD,Podgorica,2026-04-29,2026-05-02,459.2,https://www.ryanair.com/pl/pl/trip/flights/select?adults=1&teens=0&children=0&infants=0&dateOut=2026-04-29&dateIn=2026-05-02&isConnectedFlight=false&discount=0&promoCode=&isReturn=true&originIata=KRK&destinationIata=TGD&tpAdults=1&tpTeens=0&tpChildren=0&tpInfants=0&tpStartDate=2026-04-29&tpEndDate=2026-05-02&tpDiscount=0&tpPromoCode=&tpOriginIata=KRK&tpDestinationIata=TGD
KRK,Kraków,TGD,Podgorica,2026-04-30,2026-05-01,581.12,https://www.ryanair.com/pl/pl/trip/flights/select?adults=1&teens=0&children=0&infants=0&dateOut=2026-04-30&dateIn=2026-05-01&isConnectedFlight=false&discount=0&promoCode=&isReturn=true&originIata=KRK&destinationIata=TGD&tpAdults=1&tpTeens=0&tpChildren=0&tpInfants=0&tpStartDate=2026-04-30&tpEndDate=2026-05-01&tpDiscount=0&tpPromoCode=&tpOriginIata=KRK&tpDestinationIata=TGD
POZ,Poznań,PMI,Palma de Mallorca,2026-06-13,2026-06-15,629.5999999999999,https://www.ryanair.com/pl/pl/trip/flights/select?adults=1&teens=0&children=0&infants=0&dateOut=2026-06-13&dateIn=2026-06-15&isConnectedFlight=false&discount=0&promoCode=&isReturn=true&originIata=POZ&destinationIata=PMI&tpAdults=1&tpTeens=0&tpChildren=0&tpInfants=0&tpStartDate=2026-06-13&tpEndDate=2026-06-15&tpDiscount=0&tpPromoCode=&tpOriginIata=POZ&tpDestinationIata=PMI
LCJ,Łódź,AGP,Malaga,2026-10-21,2026-10-24,648.61,https://www.ryanair.com/pl/pl/trip/flights/select?adults=1&teens=0&children=0&infants=0&dateOut=2026-10-21&dateIn=2026-10-24&isConnectedFlight=false&discount=0&promoCode=&isReturn=true&originIata=LCJ&destinationIata=AGP&tpAdults=1&tpTeens=0&tpChildren=0&tpInfants=0&tpStartDate=2026-10-21&tpEndDate=2026-10-24&tpDiscount=0&tpPromoCode=&tpOriginIata=LCJ&tpDestinationIata=AGP
KRK,Kraków,TGD,Podgorica,2026-04-30,2026-05-02,719.79,https://www.ryanair.com/pl/pl/trip/flights/select?adults=1&teens=0&children=0&infants=0&dateOut=2026-04-30&dateIn=2026-05-02&isConnectedFlight=false&discount=0&promoCode=&isReturn=true&originIata=KRK&destinationIata=TGD&tpAdults=1&tpTeens=0&tpChildren=0&tpInfants=0&tpStartDate=2026-04-30&tpEndDate=2026-05-02&tpDiscount=0&tpPromoCode=&tpOriginIata=KRK&tpDestinationIata=TGD
KTW,Katowice,DBV,Dubrownik,2026-08-04,2026-08-07,346.32000000000005,https://www.ryanair.com/pl/pl/trip/flights/select?adults=1&teens=0&children=0&infants=0&dateOut=2026-08-04&dateIn=2026-08-07&isConnectedFlight=false&discount=0&promoCode=&isReturn=true&originIata=KTW&destinationIata=DBV&tpAdults=1&tpTeens=0&tpChildren=0&tpInfants=0&tpStartDate=2026-08-04&tpEndDate=2026-08-07&tpDiscount=0&tpPromoCode=&tpOriginIata=KTW&tpDestinationIata=DBV
KRK,Kraków,TGD,Podgorica,2026-05-01,2026-05-02,1425.23,https://www.ryanair.com/pl/pl/trip/flights/select?adults=1&teens=0&children=0&infants=0&dateOut=2026-05-01&dateIn=2026-05-02&isConnectedFlight=false&discount=0&promoCode=&isReturn=true&originIata=KRK&destinationIata=TGD&tpAdults=1&tpTeens=0&tpChildren=0&tpInfants=0&tpStartDate=2026-05-01&tpEndDate=2026-05-02&tpDiscount=0&tpPromoCode=&tpOriginIata=KRK&tpDestinationIata=TGD
KRK,Kraków,TGD,Podgorica,2026-05-01,2026-05-04,1853.73,https://www.ryanair.com/pl/pl/trip/flights/select?adults=1&teens=0&children=0&infants=0&dateOut=2026-05-01&dateIn=2026-05-04&isConnectedFlight=false&discount=0&promoCode=&isReturn=true&originIata=KRK&destinationIata=TGD&tpAdults=1&tpTeens=0&tpChildren=0&tpInfants=0&tpStartDate=2026-05-01&tpEndDate=2026-05-04&tpDiscount=0&tpPromoCode=&tpOriginIata=KRK&tpDestinationIata=TGD
POZ,Poznań,PMI,Palma de Mallorca,2026-06-13,2026-06-16,469.78,https://www.ryanair.com/pl/pl/trip/flights/select?adults=1&teens=0&children=0&infants=0&dateOut=2026-06-13&dateIn=2026-06-16&isConnectedFlight=false&discount=0&promoCode=&isReturn=true&originIata=POZ&destinationIata=PMI&tpAdults=1&tpTeens=0&tpChildren=0&tpInfants=0&tpStartDate=2026-06-13&tpEndDate=2026-06-16&tpDiscount=0&tpPromoCode=&tpOriginIata=POZ&tpDestinationIata=PMI
KRK,Kraków,TGD,Podgorica,2026-05-02,2026-05-04,1204.75,https://www.ryanair.com/pl/pl/trip/flights/select?adults=1&teens=0&children=0&infants=0&dateOut=2026-05-02&dateIn=2026-05-04&isConnectedFlight=false&discount=0&promoCode=&isReturn=true&originIata=KRK&destinationIata=TGD&tpAdults=1&tpTeens=0&tpChildren=0&tpInfants=0&tpStartDate=2026-05-02&tpEndDate=2026-05-04&tpDiscount=0&tpPromoCode=&tpOriginIata=KRK&tpDestinationIata=TGD
KRK,Kraków,TGD,Podgorica,2026-05-02,2026-05-05,727.5,https://www.ryanair.com/pl/pl/trip/flights/select?adults=1&teens=0&children=0&infants=0&dateOut=2026-05-02&dateIn=2026-05-05&isConnectedFlight=false&discount=0&promoCode=&isReturn=true&originIata=KRK&destinationIata=TGD&tpAdults=1&tpTeens=0&tpChildren=0&tpInfants=0&tpStartDate=2026-05-02&tpEndDate=2026-05-05&tpDiscount=0&tpPromoCode=&tpOriginIata=KRK&tpDestinationIata=TGD
KTW,Katowice,DBV,Dubrownik,2026-08-07,2026-08-09,323.59000000000003,https://www.ryanair.com/pl/pl/trip/flights/select?adults=1&teens=0&children=0&infants=0&dateOut=2026-08-07&dateIn=2026-08-09&isConnectedFlight=false&discount=0&promoCode=&isReturn=true&originIata=KTW&destinationIata=DBV&tpAdults=1&tpTeens=0&tpChildren=0&tpInfants=0&tpStartDate=2026-08-07&tpEndDate=2026-08-09&tpDiscount=0&tpPromoCode=&tpOriginIata=KTW&tpDestinationIata=DBV
KRK,Kraków,TGD,Podgorica,2026-05-04,2026-05-05,465.05,https://www.ryanair.com/pl/pl/trip/flights/select?adults=1&teens=0&children=0&infants=0&dateOut=2026-05-04&dateIn=2026-05-05&isConnectedFlight=false&discount=0&promoCode=&isReturn=true&originIata=KRK&destinationIata=TGD&tpAdults=1&tpTeens=0&tpChildren=0&tpInfants=0&tpStartDate=2026-05-04&tpEndDate=2026-05-05&tpDiscount=0&tpPromoCode=&tpOriginIata=KRK&tpDestinationIata=TGD
KRK,Kraków,TGD,Podgorica,2026-05-04,2026-05-06,389.04,https://www.ryanair.com/pl/pl/trip/flights/select?adults=1&teens=0&children=0&infants=0&dateOut=2026-05-04&dateIn=2026-05-06&isConnectedFlight=false&discount=0&promoCode=&isReturn=true&originIata=KRK&destinationIata=TGD&tpAdults=1&tpTeens=0&tpChildren=0&tpInfants=0&tpStartDate=2026-05-04&tpEndDate=2026-05-06&tpDiscount=0&tpPromoCode=&tpOriginIata=KRK&tpDestinationIata=TGD
KRK,Kraków,TGD,Podgorica,2026-05-04,2026-05-07,313.96000000000004,https://www.ryanair.com/pl/pl/trip/flights/select?adults=1&teens=0&children=0&infants=0&dateOut=2026-05-04&dateIn=2026-05-07&isConnectedFlight=false&discount=0&promoCode=&isReturn=true&originIata=KRK&destinationIata=TGD&tpAdults=1&tpTeens=0&tpChildren=0&tpInfants=0&tpStartDate=2026-05-04&tpEndDate=2026-05-07&tpDiscount=0&tpPromoCode=&tpOriginIata=KRK&tpDestinationIata=TGD
POZ,Poznań,BVA,Paryż Beauvais,2026-08-30,2026-08-31,410.51,https://www.ryanair.com/pl/pl/trip/flights/select?adults=1&teens=0&children=0&infants=0&dateOut=2026-08-30&dateIn=2026-08-31&isConnectedFlight=false&discount=0&promoCode=&isReturn=true&originIata=POZ&destinationIata=BVA&tpAdults=1&tpTeens=0&tpChildren=0&tpInfants=0&tpStartDate=2026-08-30&tpEndDate=2026-08-31&tpDiscount=0&tpPromoCode=&tpOriginIata=POZ&tpDestinationIata=BVA
KRK,Kraków,TGD,Podgorica,2026-05-05,2026-05-06,317.74,https://www.ryanair.com/pl/pl/trip/flights/select?adults=1&teens=0&children=0&infants=0&dateOut=2026-05-05&dateIn=2026-05-06&isConnectedFlight=false&discount=0&promoCode=&isReturn=true&originIata=KRK&destinationIata=TGD&tpAdults=1&tpTeens=0&tpChildren=0&tpInfants=0&tpStartDate=2026-05-05&tpEndDate=2026-05-06&tpDiscount=0&tpPromoCode=&tpOriginIata=KRK&tpDestinationIata=TGD
KTW,Katowice,DBV,Dubrownik,2026-08-09,2026-08-11,254.38,https://www.ryanair.com/pl/pl/trip/flights/select?adults=1&teens=0&children=0&infants=0&dateOut=2026-08-09&dateIn=2026-08-11&isConnectedFlight=false&discount=0&promoCode=&isReturn=true&originIata=KTW&destinationIata=DBV&tpAdults=1&tpTeens=0&tpChildren=0&tpInfants=0&tpStartDate=2026-08-09&tpEndDate=2026-08-11&tpDiscount=0&tpPromoCode=&tpOriginIata=KTW&tpDestinationIata=DBV
KRK,Kraków,TGD,Podgorica,2026-05-05,2026-05-07,242.66,https://www.ryanair.com/pl/pl/trip/flights/select?adults=1&teens=0&children=0&infants=0&dateOut=2026-05-05&dateIn=2026-05-07&isConnectedFlight=false&discount=0&promoCode=&isReturn=true&originIata=KRK&destinationIata=TGD&tpAdults=1&tpTeens=0&tpChildren=0&tpInfants=0&tpStartDate=2026-05-05&tpEndDate=2026-05-07&tpDiscount=0&tpPromoCode=&tpOriginIata=KRK&tpDestinationIata=TGD
KRK,Kraków,TGD,Podgorica,2026-05-05,2026-05-08,258.0,https://www.ryanair.com/pl/pl/trip/flights/select?adults=1&teens=0&children=0&infants=0&dateOut=2026-05-05&dateIn=2026-05-08&isConnectedFlight=false&discount=0&promoCode=&isReturn=true&originIata=KRK&destinationIata=TGD&tpAdults=1&tpTeens=0&tpChildren=0&tpInfants=0&tpStartDate=2026-05-05&tpEndDate=2026-05-08&tpDiscount=0&tpPromoCode=&tpOriginIata=KRK&tpDestinationIata=TGD
KRK,Kraków,TGD,Podgorica,2026-05-06,2026-05-07,242.66,https://www.ryanair.com/pl/pl/trip/flights/select?adults=1&teens=0&children=0&infants=0&dateOut=2026-05-06&dateIn=2026-05-07&isConnectedFlight=false&discount=0&promoCode=&isReturn=true&originIata=KRK&destinationIata=TGD&tpAdults=1&tpTeens=0&tpChildren=0&tpInfants=0&tpStartDate=2026-05-06&tpEndDate=2026-05-07&tpDiscount=0&tpPromoCode=&tpOriginIata=KRK&tpDestinationIata=TGD
POZ,Poznań,BVA,Paryż Beauvais,2026-08-30,2026-09-01,413.7,https://www.ryanair.com/pl/pl/trip/flights/select?adults=1&teens=0&children=0&infants=0&dateOut=2026-08-30&dateIn=2026-09-01&isConnectedFlight=false&discount=0&promoCode=&isReturn=true&originIata=POZ&destinationIata=BVA&tpAdults=1&tpTeens=0&tpChildren=0&tpInfants=0&tpStartDate=2026-08-30&tpEndDate=2026-09-01&tpDiscount=0&tpPromoCode=&tpOriginIata=POZ&tpDestinationIata=BVA
KRK,Kraków,TGD,Podgorica,2026-05-06,2026-05-08,258.0,https://www.ryanair.com/pl/pl/trip/flights/select?adults=1&teens=0&children=0&infants=0&dateOut=2026-05-06&dateIn=2026-05-08&isConnectedFlight=false&discount=0&promoCode=&isReturn=true&originIata=KRK&destinationIata=TGD&tpAdults=1&tpTeens=0&tpChildren=0&tpInfants=0&tpStartDate=2026-05-06&tpEndDate=2026-05-08&tpDiscount=0&tpPromoCode=&tpOriginIata=KRK&tpDestinationIata=TGD
KRK,Kraków,TGD,Podgorica,2026-05-06,2026-05-09,307.48,https://www.ryanair.com/pl/pl/trip/flights/select?adults=1&teens=0&children=0&infants=0&dateOut=2026-05-06&dateIn=2026-05-09&isConnectedFlight=false&discount=0&promoCode=&isReturn=true&originIata=KRK&destinationIata=TGD&tpAdults=1&tpTeens=0&tpChildren=0&tpInfants=0&tpStartDate=2026-05-06&tpEndDate=2026-05-09&tpDiscount=0&tpPromoCode=&tpOriginIata=KRK&tpDestinationIata=TGD
KRK,Kraków,TGD,Podgorica,2026-05-07,2026-05-08,269.65999999999997,https://www.ryanair.com/pl/pl/trip/flights/select?adults=1&teens=0&children=0&infants=0&dateOut=2026-05-07&dateIn=2026-05-08&isConnectedFlight=false&discount=0&promoCode=&isReturn=true&originIata=KRK&destinationIata=TGD&tpAdults=1&tpTeens=0&tpChildren=0&tpInfants=0&tpStartDate=2026-05-07&tpEndDate=2026-05-08&tpDiscount=0&tpPromoCode=&tpOriginIata=KRK&tpDestinationIata=TGD
KRK,Kraków,TGD,Podgorica,2026-05-07,2026-05-09,319.14,https://www.ryanair.com/pl/pl/trip/flights/select?adults=1&teens=0&children=0&infants=0&dateOut=2026-05-07&dateIn=2026-05-09&isConnectedFlight=false&discount=0&promoCode=&isReturn=true&originIata=KRK&destinationIata=TGD&tpAdults=1&tpTeens=0&tpChildren=0&tpInfants=0&tpStartDate=2026-05-07&tpEndDate=2026-05-09&tpDiscount=0&tpPromoCode=&tpOriginIata=KRK&tpDestinationIata=TGD
KTW,Katowice,DBV,Dubrownik,2026-08-11,2026-08-14,374.47,https://www.ryanair.com/pl/pl/trip/flights/select?adults=1&teens=0&children=0&infants=0&dateOut=2026-08-11&dateIn=2026-08-14&isConnectedFlight=false&discount=0&promoCode=&isReturn=true&originIata=KTW&destinationIata=DBV&tpAdults=1&tpTeens=0&tpChildren=0&tpInfants=0&tpStartDate=2026-08-11&tpEndDate=2026-08-14&tpDiscount=0&tpPromoCode=&tpOriginIata=KTW&tpDestinationIata=DBV
KRK,Kraków,TGD,Podgorica,2026-05-08,2026-05-09,348.29999999999995,https://www.ryanair.com/pl/pl/trip/flights/select?adults=1&teens=0&children=0&infants=0&dateOut=2026-05-08&dateIn=2026-05-09&isConnectedFlight=false&discount=0&promoCode=&isReturn=true&originIata=KRK&destinationIata=TGD&tpAdults=1&tpTeens=0&tpChildren=0&tpInfants=0&tpStartDate=2026-05-08&tpEndDate=2026-05-09&tpDiscount=0&tpPromoCode=&tpOriginIata=KRK&tpDestinationIata=TGD
POZ,Poznań,DBV,Dubrownik,2026-05-10,2026-05-13,435.93,https://www.ryanair.com/pl/pl/trip/flights/select?adults=1&teens=0&children=0&infants=0&dateOut=2026-05-10&dateIn=2026-05-13&isConnectedFlight=false&discount=0&promoCode=&isReturn=true&originIata=POZ&destinationIata=DBV&tpAdults=1&tpTeens=0&tpChildren=0&tpInfants=0&tpStartDate=2026-05-10&tpEndDate=2026-05-13&tpDiscount=0&tpPromoCode=&tpOriginIata=POZ&tpDestinationIata=DBV
POZ,Poznań,PMI,Palma de Mallorca,2026-06-15,2026-06-16,479.86,https://www.ryanair.com/pl/pl/trip/flights/select?adults=1&teens=0&children=0&infants=0&dateOut=2026-06-15&dateIn=2026-06-16&isConnectedFlight=false&discount=0&promoCode=&isReturn=true&originIata=POZ&destinationIata=PMI&tpAdults=1&tpTeens=0&tpChildren=0&tpInfants=0&tpStartDate=2026-06-15&tpEndDate=2026-06-16&tpDiscount=0&tpPromoCode=&tpOriginIata=POZ&tpDestinationIata=PMI
KRK,Kraków,TGD,Podgorica,2026-05-08,2026-05-11,381.11,https://www.ryanair.com/pl/pl/trip/flights/select?adults=1&teens=0&children=0&infants=0&dateOut=2026-05-08&dateIn=2026-05-11&isConnectedFlight=false&discount=0&promoCode=&isReturn=true&originIata=KRK&destinationIata=TGD&tpAdults=1&tpTeens=0&tpChildren=0&tpInfants=0&tpStartDate=2026-05-08&tpEndDate=2026-05-11&tpDiscount=0&tpPromoCode=&tpOriginIata=KRK&tpDestinationIata=TGD
KRK,Kraków,TGD,Podgorica,2026-05-09,2026-05-11,406.12,https://www.ryanair.com/pl/pl/trip/flights/select?adults=1&teens=0&children=0&infants=0&dateOut=2026-05-09&dateIn=2026-05-11&isConnectedFlight=false&discount=0&promoCode=&isReturn=true&originIata=KRK&destinationIata=TGD&tpAdults=1&tpTeens=0&tpChildren=0&tpInfants=0&tpStartDate=2026-05-09&tpEndDate=2026-05-11&tpDiscount=0&tpPromoCode=&tpOriginIata=KRK&tpDestinationIata=TGD
KRK,Kraków,TGD,Podgorica,2026-05-09,2026-05-12,321.32000000000005,https://www.ryanair.com/pl/pl/trip/flights/select?adults=1&teens=0&children=0&infants=0&dateOut=2026-05-09&dateIn=2026-05-12&isConnectedFlight=false&discount=0&promoCode=&isReturn=true&originIata=KRK&destinationIata=TGD&tpAdults=1&tpTeens=0&tpChildren=0&tpInfants=0&tpStartDate=2026-05-09&tpEndDate=2026-05-12&tpDiscount=0&tpPromoCode=&tpOriginIata=KRK&tpDestinationIata=TGD
POZ,Poznań,BVA,Paryż Beauvais,2026-08-31,2026-09-01,373.02,https://www.ryanair.com/pl/pl/trip/flights/select?adults=1&teens=0&children=0&infants=0&dateOut=2026-08-31&dateIn=2026-09-01&isConnectedFlight=false&discount=0&promoCode=&isReturn=true&originIata=POZ&destinationIata=BVA&tpAdults=1&tpTeens=0&tpChildren=0&tpInfants=0&tpStartDate=2026-08-31&tpEndDate=2026-09-01&tpDiscount=0&tpPromoCode=&tpOriginIata=POZ&tpDestinationIata=BVA
KTW,Katowice,DBV,Dubrownik,2026-08-14,2026-08-16,404.90999999999997,https://www.ryanair.com/pl/pl/trip/flights/select?adults=1&teens=0&children=0&infants=0&dateOut=2026-08-14&dateIn=2026-08-16&isConnectedFlight=false&discount=0&promoCode=&isReturn=true&originIata=KTW&destinationIata=DBV&tpAdults=1&tpTeens=0&tpChildren=0&tpInfants=0&tpStartDate=2026-08-14&tpEndDate=2026-08-16&tpDiscount=0&tpPromoCode=&tpOriginIata=KTW&tpDestinationIata=DBV
POZ,Poznań,PMI,Palma de Mallorca,2026-06-15,2026-06-17,512.5600000000001,https://www.ryanair.com/pl/pl/trip/flights/select?adults=1&teens=0&children=0&infants=0&dateOut=2026-06-15&dateIn=2026-06-17&isConnectedFlight=false&discount=0&promoCode=&isReturn=true&originIata=POZ&destinationIata=PMI&tpAdults=1&tpTeens=0&tpChildren=0&tpInfants=0&tpStartDate=2026-06-15&tpEndDate=2026-06-17&tpDiscount=0&tpPromoCode=&tpOriginIata=POZ&tpDestinationIata=PMI
KRK,Kraków,TGD,Podgorica,2026-05-11,2026-05-12,321.32000000000005,https://www.ryanair.com/pl/pl/trip/flights/select?adults=1&teens=0&children=0&infants=0&dateOut=2026-05-11&dateIn=2026-05-12&isConnectedFlight=false&discount=0&promoCode=&isReturn=true&originIata=KRK&destinationIata=TGD&tpAdults=1&tpTeens=0&tpChildren=0&tpInfants=0&tpStartDate=2026-05-11&tpEndDate=2026-05-12&tpDiscount=0&tpPromoCode=&tpOriginIata=KRK&tpDestinationIata=TGD
KRK,Kraków,TGD,Podgorica,2026-05-11,2026-05-13,346.09000000000003,https://www.ryanair.com/pl/pl/trip/flights/select?adults=1&teens=0&children=0&infants=0&dateOut=2026-05-11&dateIn=2026-05-13&isConnectedFlight=false&discount=0&promoCode=&isReturn=true&originIata=KRK&destinationIata=TGD&tpAdults=1&tpTeens=0&tpChildren=0&tpInfants=0&tpStartDate=2026-05-11&tpEndDate=2026-05-13&tpDiscount=0&tpPromoCode=&tpOriginIata=KRK&tpDestinationIata=TGD
KRK,Kraków,TGD,Podgorica,2026-05-11,2026-05-14,323.83000000000004,https://www.ryanair.com/pl/pl/trip/flights/select?adults=1&teens=0&children=0&infants=0&dateOut=2026-05-11&dateIn=2026-05-14&isConnectedFlight=false&discount=0&promoCode=&isReturn=true&originIata=KRK&destinationIata=TGD&tpAdults=1&tpTeens=0&tpChildren=0&tpInfants=0&tpStartDate=2026-05-11&tpEndDate=2026-05-14&tpDiscount=0&tpPromoCode=&tpOriginIata=KRK&tpDestinationIata=TGD
KRK,Kraków,TGD,Podgorica,2026-05-12,2026-05-13,300.26,https://www.ryanair.com/pl/pl/trip/flights/select?adults=1&teens=0&children=0&infants=0&dateOut=2026-05-12&dateIn=2026-05-13&isConnectedFlight=false&discount=0&promoCode=&isReturn=true&originIata=KRK&destinationIata=TGD&tpAdults=1&tpTeens=0&tpChildren=0&tpInfants=0&tpStartDate=2026-05-12&tpEndDate=2026-05-13&tpDiscount=0&tpPromoCode=&tpOriginIata=KRK&tpDestinationIata=TGD
POZ,Poznań,PMI,Palma de Mallorca,2026-06-15,2026-06-18,633.72,https://www.ryanair.com/pl/pl/trip/flights/select?adults=1&teens=0&children=0&infants=0&dateOut=2026-06-15&dateIn=2026-06-18&isConnectedFlight=false&discount=0&promoCode=&isReturn=true&originIata=POZ&destinationIata=PMI&tpAdults=1&tpTeens=0&tpChildren=0&tpInfants=0&tpStartDate=2026-06-15&tpEndDate=2026-06-18&tpDiscount=0&tpPromoCode=&tpOriginIata=POZ&tpDestinationIata=PMI
KTW,Katowice,DBV,Dubrownik,2026-08-16,2026-08-18,259.41,https://www.ryanair.com/pl/pl/trip/flights/select?adults=1&teens=0&children=0&infants=0&dateOut=2026-08-16&dateIn=2026-08-18&isConnectedFlight=false&discount=0&promoCode=&isReturn=true&originIata=KTW&destinationIata=DBV&tpAdults=1&tpTeens=0&tpChildren=0&tpInfants=0&tpStartDate=2026-08-16&tpEndDate=2026-08-18&tpDiscount=0&tpPromoCode=&tpOriginIata=KTW&tpDestinationIata=DBV
KRK,Kraków,TGD,Podgorica,2026-05-12,2026-05-14,278.0,https://www.ryanair.com/pl/pl/trip/flights/select?adults=1&teens=0&children=0&infants=0&dateOut=2026-05-12&dateIn=2026-05-14&isConnectedFlight=false&discount=0&promoCode=&isReturn=true&originIata=KRK&destinationIata=TGD&tpAdults=1&tpTeens=0&tpChildren=0&tpInfants=0&tpStartDate=2026-05-12&tpEndDate=2026-05-14&tpDiscount=0&tpPromoCode=&tpOriginIata=KRK&tpDestinationIata=TGD
KRK,Kraków,TGD,Podgorica,2026-05-12,2026-05-15,316.53999999999996,https://www.ryanair.com/pl/pl/trip/flights/select?adults=1&teens=0&children=0&infants=0&dateOut=2026-05-12&dateIn=2026-05-15&isConnectedFlight=false&discount=0&promoCode=&isReturn=true&originIata=KRK&destinationIata=TGD&tpAdults=1&tpTeens=0&tpChildren=0&tpInfants=0&tpStartDate=2026-05-12&tpEndDate=2026-05-15&tpDiscount=0&tpPromoCode=&tpOriginIata=KRK&tpDestinationIata=TGD
KRK,Kraków,TGD,Podgorica,2026-05-13,2026-05-14,278.0,https://www.ryanair.com/pl/pl/trip/flights/select?adults=1&teens=0&children=0&infants=0&dateOut=2026-05-13&dateIn=2026-05-14&isConnectedFlight=false&discount=0&promoCode=&isReturn=true&originIata=KRK&destinationIata=TGD&tpAdults=1&tpTeens=0&tpChildren=0&tpInfants=0&tpStartDate=2026-05-13&tpEndDate=2026-05-14&tpDiscount=0&tpPromoCode=&tpOriginIata=KRK&tpDestinationIata=TGD
KRK,Kraków,TGD,Podgorica,2026-05-13,2026-05-15,316.53999999999996,https://www.ryanair.com/pl/pl/trip/flights/select?adults=1&teens=0&children=0&infants=0&dateOut=2026-05-13&dateIn=2026-05-15&isConnectedFlight=false&discount=0&promoCode=&isReturn=true&originIata=KRK&destinationIata=TGD&tpAdults=1&tpTeens=0&tpChildren=0&tpInfants=0&tpStartDate=2026-05-13&tpEndDate=2026-05-15&tpDiscount=0&tpPromoCode=&tpOriginIata=KRK&tpDestinationIata=TGD
KRK,Kraków,TGD,Podgorica,2026-05-13,2026-05-16,377.09000000000003,https://www.ryanair.com/pl/pl/trip/flights/select?adults=1&teens=0&children=0&infants=0&dateOut=2026-05-13&dateIn=2026-05-16&isConnectedFlight=false&discount=0&promoCode=&isReturn=true&originIata=KRK&destinationIata=TGD&tpAdults=1&tpTeens=0&tpChildren=0&tpInfants=0&tpStartDate=2026-05-13&tpEndDate=2026-05-16&tpDiscount=0&tpPromoCode=&tpOriginIata=KRK&tpDestinationIata=TGD
POZ,Poznań,PMI,Palma de Mallorca,2026-06-16,2026-06-17,570.44,https://www.ryanair.com/pl/pl/trip/flights/select?adults=1&teens=0&children=0&infants=0&dateOut=2026-06-16&dateIn=2026-06-17&isConnectedFlight=false&discount=0&promoCode=&isReturn=true&originIata=POZ&destinationIata=PMI&tpAdults=1&tpTeens=0&tpChildren=0&tpInfants=0&tpStartDate=2026-06-16&tpEndDate=2026-06-17&tpDiscount=0&tpPromoCode=&tpOriginIata=POZ&tpDestinationIata=PMI
KRK,Kraków,TGD,Podgorica,2026-05-14,2026-05-15,306.53,https://www.ryanair.com/pl/pl/trip/flights/select?adults=1&teens=0&children=0&infants=0&dateOut=2026-05-14&dateIn=2026-05-15&isConnectedFlight=false&discount=0&promoCode=&isReturn=true&originIata=KRK&destinationIata=TGD&tpAdults=1&tpTeens=0&tpChildren=0&tpInfants=0&tpStartDate=2026-05-14&tpEndDate=2026-05-15&tpDiscount=0&tpPromoCode=&tpOriginIata=KRK&tpDestinationIata=TGD
KRK,Kraków,TGD,Podgorica,2026-05-14,2026-05-16,367.08000000000004,https://www.ryanair.com/pl/pl/trip/flights/select?adults=1&teens=0&children=0&infants=0&dateOut=2026-05-14&dateIn=2026-05-16&isConnectedFlight=false&discount=0&promoCode=&isReturn=true&originIata=KRK&destinationIata=TGD&tpAdults=1&tpTeens=0&tpChildren=0&tpInfants=0&tpStartDate=2026-05-14&tpEndDate=2026-05-16&tpDiscount=0&tpPromoCode=&tpOriginIata=KRK&tpDestinationIata=TGD
KTW,Katowice,DBV,Dubrownik,2026-08-18,2026-08-21,410.09000000000003,https://www.ryanair.com/pl/pl/trip/flights/select?adults=1&teens=0&children=0&infants=0&dateOut=2026-08-18&dateIn=2026-08-21&isConnectedFlight=false&discount=0&promoCode=&isReturn=true&originIata=KTW&destinationIata=DBV&tpAdults=1&tpTeens=0&tpChildren=0&tpInfants=0&tpStartDate=2026-08-18&tpEndDate=2026-08-21&tpDiscount=0&tpPromoCode=&tpOriginIata=KTW&tpDestinationIata=DBV
KRK,Kraków,TGD,Podgorica,2026-05-15,2026-05-16,490.20000000000005,https://www.ryanair.com/pl/pl/trip/flights/select?adults=1&teens=0&children=0&infants=0&dateOut=2026-05-15&dateIn=2026-05-16&isConnectedFlight=false&discount=0&promoCode=&isReturn=true&originIata=KRK&destinationIata=TGD&tpAdults=1&tpTeens=0&tpChildren=0&tpInfants=0&tpStartDate=2026-05-15&tpEndDate=2026-05-16&tpDiscount=0&tpPromoCode=&tpOriginIata=KRK&tpDestinationIata=TGD
KRK,Kraków,TGD,Podgorica,2026-05-15,2026-05-18,459.03,https://www.ryanair.com/pl/pl/trip/flights/select?adults=1&teens=0&children=0&infants=0&dateOut=2026-05-15&dateIn=2026-05-18&isConnectedFlight=false&discount=0&promoCode=&isReturn=true&originIata=KRK&destinationIata=TGD&tpAdults=1&tpTeens=0&tpChildren=0&tpInfants=0&tpStartDate=2026-05-15&tpEndDate=2026-05-18&tpDiscount=0&tpPromoCode=&tpOriginIata=KRK&tpDestinationIata=TGD
KRK,Kraków,TGD,Podgorica,2026-05-16,2026-05-18,542.8199999999999,https://www.ryanair.com/pl/pl/trip/flights/select?adults=1&teens=0&children=0&infants=0&dateOut=2026-05-16&dateIn=2026-05-18&isConnectedFlight=false&discount=0&promoCode=&isReturn=true&originIata=KRK&destinationIata=TGD&tpAdults=1&tpTeens=0&tpChildren=0&tpInfants=0&tpStartDate=2026-05-16&tpEndDate=2026-05-18&tpDiscount=0&tpPromoCode=&tpOriginIata=KRK&tpDestinationIata=TGD
KRK,Kraków,TGD,Podgorica,2026-05-16,2026-05-19,557.1899999999999,https://www.ryanair.com/pl/pl/trip/flights/select?adults=1&teens=0&children=0&infants=0&dateOut=2026-05-16&dateIn=2026-05-19&isConnectedFlight=false&discount=0&promoCode=&isReturn=true&originIata=KRK&destinationIata=TGD&tpAdults=1&tpTeens=0&tpChildren=0&tpInfants=0&tpStartDate=2026-05-16&tpEndDate=2026-05-19&tpDiscount=0&tpPromoCode=&tpOriginIata=KRK&tpDestinationIata=TGD
POZ,Poznań,PMI,Palma de Mallorca,2026-06-16,2026-06-18,691.6,https://www.ryanair.com/pl/pl/trip/flights/select?adults=1&teens=0&children=0&infants=0&dateOut=2026-06-16&dateIn=2026-06-18&isConnectedFlight=false&discount=0&promoCode=&isReturn=true&originIata=POZ&destinationIata=PMI&tpAdults=1&tpTeens=0&tpChildren=0&tpInfants=0&tpStartDate=2026-06-16&tpEndDate=2026-06-18&tpDiscount=0&tpPromoCode=&tpOriginIata=POZ&tpDestinationIata=PMI
KTW,Katowice,DBV,Dubrownik,2026-08-21,2026-08-23,406.93,https://www.ryanair.com/pl/pl/trip/flights/select?adults=1&teens=0&children=0&infants=0&dateOut=2026-08-21&dateIn=2026-08-23&isConnectedFlight=false&discount=0&promoCode=&isReturn=true&originIata=KTW&destinationIata=DBV&tpAdults=1&tpTeens=0&tpChildren=0&tpInfants=0&tpStartDate=2026-08-21&tpEndDate=2026-08-23&tpDiscount=0&tpPromoCode=&tpOriginIata=KTW&tpDestinationIata=DBV
POZ,Poznań,BVA,Paryż Beauvais,2026-09-01,2026-09-04,474.78,https://www.ryanair.com/pl/pl/trip/flights/select?adults=1&teens=0&children=0&infants=0&dateOut=2026-09-01&dateIn=2026-09-04&isConnectedFlight=false&discount=0&promoCode=&isReturn=true&originIata=POZ&destinationIata=BVA&tpAdults=1&tpTeens=0&tpChildren=0&tpInfants=0&tpStartDate=2026-09-01&tpEndDate=2026-09-04&tpDiscount=0&tpPromoCode=&tpOriginIata=POZ&tpDestinationIata=BVA
